,brands,conditions,descriptions,models,types,prices,year_made,made_in,n_keys
0,Roland,Excellent (Used)Excellent items are almost entirely free from blemishes and other visual defects and have been played or used with the utmost care.learn more,,512 memory card,Japan,$119,N/A,N/A,0
1,Noise Engineering,Mint (Used)Mint items are in essentially new original condition but have been opened or played.learn more,,Mimetic Digitalis,Modular SynthsEurorack,$180,N/A,N/A,0
2,Roland,Mint (Used)Mint items are in essentially new original condition but have been opened or played.learn more,,Boutique Series JU-06A Synthesizer Module with K-25m Keyboard,Digital Synths,$370,N/A,N/A,0
3,Roland,Fair (Used)Fair condition gear should function but will show noticeable cosmetic damage or other issues.learn more,,D-05 Boutique Series Linear Synthesizer Sound Module,Digital Synths,$350,N/A,N/A,0
4,Yamaha,Excellent (Used)Excellent items are almost entirely free from blemishes and other visual defects and have been played or used with the utmost care.learn more,,PSR-E263 Portable Keyboard,Digital Pianos,$100,N/A,N/A,0
5,Sputnik Modular,Excellent (Used)Excellent items are almost entirely free from blemishes and other visual defects and have been played or used with the utmost care.learn more,,Selector,Eurorack,$110,N/A,N/A,0
6,V25 25-key USB MIDI Controller,Alesis,,Black,N/A,$99,N/A,N/A,0
7,Roland,Excellent (Used)Excellent items are almost entirely free from blemishes and other visual defects and have been played or used with the utmost care.learn more,,XV-5080,Rackmount Synths,$525,N/A,N/A,0
8,DIY,Excellent (Used)Excellent items are almost entirely free from blemishes and other visual defects and have been played or used with the utmost care.learn more,,nanoRings 8 hp Rings,Modular Synths,$140,N/A,N/A,0
9,Moog,Very Good (Used)Very Good items may show a few slight marks or scratches but are fully functional and in overall great shape.learn more,,Slim Phatty,2010s,$400,N/A,N/A,0
10,Korg,Very Good (Used)Very Good items may show a few slight marks or scratches but are fully functional and in overall great shape.learn more,,MicroKORG 37-Key Synthesizer/Vocoder,Digital Synths,$200,N/A,N/A,0
11,BASTL Instruments,Mint (Used)Mint items are in essentially new original condition but have been opened or played.learn more,,softPop,Modular SynthsRackmount Synths,$300,N/A,N/A,0
12,Teenage Engineering,Mint (Used)Mint items are in essentially new original condition but have been opened or played.learn more,,OP-1 Portable Synthesizer Workstation,Digital Synths,"$1,084.20",N/A,N/A,0
13,Yamaha,Mint (Used)Mint items are in essentially new original condition but have been opened or played.learn more,,Reface CS Mini Mobile Keyboard,Digital Synths,$275,N/A,N/A,0
14,Isla Instruments,Excellent (Used)Excellent items are almost entirely free from blemishes and other visual defects and have been played or used with the utmost care.learn more,,Kordbot,Controllers,$230,N/A,N/A,0
15,Teenage Engineering,Excellent (Used)Excellent items are almost entirely free from blemishes and other visual defects and have been played or used with the utmost care.learn more,,OP-1 Portable Synthesizer Workstation,Digital Synths,"$1,050",N/A,N/A,0
16,Korg,Excellent (Used)Excellent items are almost entirely free from blemishes and other visual defects and have been played or used with the utmost care.learn more,,SQ-1 CV Step Sequencer/Sync Box,Controllers,$65,N/A,N/A,0
17,Arturia,Excellent (Used)Excellent items are almost entirely free from blemishes and other visual defects and have been played or used with the utmost care.learn more,,Keystep,Controllers,$80,N/A,N/A,0
18,Roland,Mint (Used)Mint items are in essentially new original condition but have been opened or played.learn more,,Boutique Series JU-06A Synthesizer Module,Digital Synths,$410,N/A,N/A,0
19,Elektron,Mint (Used)Mint items are in essentially new original condition but have been opened or played.learn more,,Digitone 8-Voice Digital Synthesizer,Digital Synths,$600,N/A,N/A,0
20,Arturia,Excellent (Used)Excellent items are almost entirely free from blemishes and other visual defects and have been played or used with the utmost care.learn more,,Keystep Keyboard Arpeggiator Sequencer Modular Controller Synth WHITE,32 Keys,$98.41,N/A,N/A,0
21,4MS,Excellent (Used)Excellent items are almost entirely free from blemishes and other visual defects and have been played or used with the utmost care.learn more,,POD 60 Powered Eurorack Case,N/A,$129.90,N/A,N/A,0
22,Korg,Excellent (Used)Excellent items are almost entirely free from blemishes and other visual defects and have been played or used with the utmost care.learn more,,MicroKORG 37-Key Synthesizer/Vocoder,Digital Synths,$142.71,N/A,N/A,0
23,ARP,Excellent (Used)Excellent items are almost entirely free from blemishes and other visual defects and have been played or used with the utmost care.learn more,,Odyssey Slider Caps,N/A,$119,N/A,N/A,0
